title,slug,issuer,acquiredOn,expiration,description,verificationUrl,credentialId,caseStudies,verificationKind,skills
WinOps Certified Engineer (WNO-101),winops-certified-engineer-wno101,Appkademiya,2026-09,,"Professional engineering certification validating operational competencies in Windows enterprise administration, automated workflows, server management, and system reliability.",https://appkademiya.online/verify/CERT-WINOPS-CERTIFIED-ENGINEER-WNO101-20260919-3319B364AFC7,CERT-WINOPS-CERTIFIED-ENGINEER-WNO101-20260919-3319B364AFC7,,direct,
Microsoft Certified: Azure Fundamentals,azure-fundamentals,Microsoft,2026-09,,"Validates foundational knowledge of cloud services, Microsoft Azure core architectural components, cloud governance, security compliance, and privacy features (AZ-900).",https://www.linkedin.com/in/gladwindr/details/certifications/,4FB353246C94D3B7,,profile,
Certified Cybersecurity Professional (CCP),appkademiya-certified-cybersecurity-professional,Appkademiya,2026-08,,"Professional cybersecurity credential validating competencies in defensive security operations, enterprise threat landscape mitigation, vulnerability analysis, and security controls.",https://www.appkademiya.online/verify/CERT-CCP-CYBERSECURITY-PROFESSIONAL-20260817-57C843A4E8AE,CERT-CCP-CYBERSECURITY-PROFESSIONAL-20260817-57C843A4E8AE,,direct,
Google Cybersecurity Professional Certificate,google-cybersecurity-professional,Google,2025-07,,"Comprehensive cybersecurity credential covering network security, threat identification, SIEM tools, Python automation for security, Linux security, and incident response.",https://www.coursera.org/account/accomplishments/professional-cert/L1K1YR4GXBMR,L1K1YR4GXBMR,,direct,
Web Development NCIII,tesda-web-development-nc3,TESDA: Technical Education and Skills Development Authority,2025-07,2030-07,"A TESDA-accredited qualification focused on advanced web development competencies, including designing, building, and maintaining responsive web applications and full-stack software components.",https://www.linkedin.com/in/gladwindr/details/certifications/,25131403020142,,profile,
Technical Support Fundamentals,google-technical-support-fundamentals,Google,2025-01,,"Validates fundamental technical support troubleshooting, customer support operations, computer hardware identification, operating system basics, and network protocols.",https://www.coursera.org/account/accomplishments/verify/F5P8C6BI0YB4,F5P8C6BI0YB4,,direct,
Microsoft Azure Fundamentals Skill Track,datacamp-azure-fundamentals-skill-track,DataCamp,2024-11,,"Completed foundational Azure skill curriculum covering cloud computing principles, core Azure architecture, storage services, security tools, and virtual networking.",https://www.linkedin.com/in/gladwindr/details/certifications/,,,profile,
Associate Cloud Engineer,google-cloud-associate-engineer,Google,2024-10,2027-10,"Demonstrates proficiency in deploying, managing, and operating applications on Google Cloud. Certified professionals can use Google Cloud Console and CLI to maintain cloud infrastructure and ensure service reliability.",https://www.credly.com/badges/8d232946-d361-4110-8856-45c02ed18eb1/public_url,6be8d094d0474ac8aa642d0ca784940b,,direct,
AWS Cloud Quest: Cloud Practitioner,aws-cloud-practitioner,Amazon Web Services (AWS),2024-09,,"An interactive, hands-on learning credential from AWS validating foundational cloud computing concepts, core AWS architecture, security, and cloud deployment practices.",https://www.credly.com/badges/4548ad6d-c842-4410-8f36-3f148d8227ee/public_url,4548ad6d-c842-4410-8f36-3f148d8227ee,,direct,
Oracle Cloud Infrastructure 2024 Generative AI Certified Professional,oracle-oci-generative-ai,Oracle,2024-07,2026-07,"Validates expertise in implementing and managing generative AI solutions using Oracle Cloud Infrastructure, with focus on AI services, model deployment, and responsible AI practices.",https://www.linkedin.com/in/gladwindr/details/certifications/,100734081OCI2024GAIOCP,,profile,
Computer Systems Servicing NC2,tesda-computer-systems-servicing-nc2,TESDA: Technical Education and Skills Development Authority,2024-04,2029-04,"A TESDA-accredited national qualification validating competencies in computer systems servicing, including computer hardware installation, operating system and network configuration, and technical maintenance.",https://www.linkedin.com/in/gladwindr/details/certifications/,24130602021244,,profile,
IBM Full Stack Software Developer Professional Certificate,ibm-full-stack-developer,Coursera,2024-02,,"A comprehensive program covering front-end and back-end development, cloud-native tools, databases, APIs, and DevOps practices, equipping learners to build and deploy full-stack applications.",https://coursera.org/verify/professional-cert/RC5G9SM7HRG2,RC5G9SM7HRG2,,direct,
