slug,track,title,organization,badgeLabel,startDate,endDate,location,description,responsibilities,lessonsLearned,skills,tools,systems,caseStudies
sun-life-itsm-intern-1,professional,IT Service Management Intern (1st Semester),Sun Life Global Solutions - Philippines,Internship,2024-07,2025-09,"BGC, Taguig City","I cross-checked IP addresses and system data against manual records, using Excel formulas to validate and organize information. I helped track and escalate infrastructure issues, communicating findings via email to ensure prompt resolution. Additionally, I improved the company’s issue-specific dashboard by enhancing its features for better data presentation and usability.",Cross-checked IP addresses and system data against manual records | Tracked and escalated infrastructure issues through to resolution | Improved the issue-specific dashboard for better data presentation and usability,,Service Management | Enterprise Infrastructure | IT Governance,,,
sun-life-itsm-intern-2,professional,IT Service Management Intern (2nd Semester),Sun Life Global Solutions - Philippines,Internship,2025-03,2025-05,"BGC, Taguig City","Assisted in department-based operations, Microsoft Excel documentation using Excel formulas to validate and organize information, helped track and escalate infrastructure issues, communicating findings via email to ensure prompt resolution.",,,Service Management | Enterprise Infrastructure | IT Governance,,,
cyberph-vp-operations,leadership,Vice President for Operations,CyberPH,Leadership,2025-03,,"Sta. Mesa, Manila City","Oversaw operational strategy, streamlined internal processes, and coordinated nationwide initiatives focused on cybersecurity awareness.
",,,Technology | Operations | Marketing | Communication | People Management,,,
icpep-executive-vp,leadership,Executive Vice President,ICPEP SE - PUP Manila,Leadership,2024-10,2025-08,"Sta. Mesa, Manila City","Led executive initiatives and organization-wide projects, ensuring successful implementation of academic and tech-driven programs.",,,Technology | Events Management | Operations | Communication | People Management,,,
devcon-program-manager,event-operations,Summits and Code Camps Program Manager,DEVCON Manila,Leadership,2025-05,,"Ortigas, Pasig City",Planned and executed regional developer summits and training camps to engage and upskill the Philippine tech community.,,,Technology | Events Management | Operations | Communication,,,
arduino-day-event-ops-head,event-operations,Event Operations Head,Arduino Day Philippines 2025,Leadership,2024-12,2025-03,"Cubao, Quezon City","Directed logistical planning, team coordination, and on-ground operations for the nationwide Arduino tech event.",,,Technology | Events Management | Operations | Communication,,,
gdgc-pup-cto,leadership,Chief Technology Officer,Google Developer Groups on Campus PUP,Leadership,2024-09,2025-09,"Sta. Mesa, Manila City","Led the organization’s technical direction, spearheaded innovation projects, and mentored student developers.",,,Technology | Communication | People Management | Google Cloud,google-cloud,,
gdsc-pup-chief-community-development-officer,community,Chief Community Development Officer,Google Developer Student Clubs PUP,Leadership,2023-08,2024-09,"Sta. Mesa, Manila City","Built and nurtured local developer communities through partnerships, outreach, and inclusive tech events.",,,Technology | Communication | People Management | Community Development,,,
gdsc-pup-community-development-fellow-lead,community,Community Development Fellow Lead,Google Developer Student Clubs PUP,Leadership,2022-12,2023-08,"Sta. Mesa, Manila City","Coordinated fellowship initiatives, mentoring teams and driving community engagement across multiple campuses.",,,Technology | Communication | People Management | Community Development,,,
gdsc-pup-mobile-developer,,Mobile Developer,Google Developer Student Clubs PUP,Membership,2022-10,,"Sta. Mesa, Manila City","Led strategic business development efforts, advocating cloud adoption and delivering infrastructure-focused workshops.",,,Technology | Development | Flutter,flutter,,
aws-cloud-clubs-pup-sbd-lead,,SBD Lead - Department of Cloud Computing and Infrastructure,AWS Cloud Clubs PUP,Leadership,2024-10,2025-08,"Sta. Mesa, Manila City","Directed cloud learning tracks, hosted Azure bootcamps, and enabled students in Microsoft technologies and cloud certifications.",,,Technology | Communication | People Management | AWS,aws,,
pup-msc-director-cloud-computing,,Director for Cloud Computing,PUP Manila Microsoft Student Community,Leadership,2024-07,2025-08,"Sta. Mesa, Manila City","Built Android applications, contributed to collaborative projects, and supported technical workshops for students.",,,Technology | Communication | People Management | Microsoft Azure,microsoft-azure,,
jug-philippines-student-volunteer,,Student Volunteer,Java User Groups Philippines,Volunteering,2024-07,,"Sta. Mesa, Manila City",Actively participated in skill-based learning sprints and coding activities focused on software development excellence.,,,Technology | Events Management | Communication,,,
kakacomputer-field-ambassador,,Field Ambassador,KakaComputer,Volunteering,2025-01,,"Sta. Mesa, Manila City","Supported event operations, handled registration and community support during Java meetups and tech talks.",,,Technology | Communication | Writing,,,
tpg-devskolar,community,Devskolar,The Programmer's Guild,Membership,2023-11,2025-10,"Sta. Mesa, Manila City","Promoted tech education initiatives in local communities, providing grassroots awareness and tech literacy support.",,,Technology | Communication,,,
tedxupv-anchored-in-tech-food-volunteer,,Food Volunteer(Logistics),TedxUPV Women: Anchored in Tech,Volunteering,2024-10,2024-11,"Aseana, Paranaque City",Managed food logistics and assisted in event coordination for a women-led TEDx event focused on tech and innovation.,,,Logistics | Management | Volunteering,,,
diwata-overcode-technical-lead,technical,Technical Lead & Product Manager,Diwata Overcode - GDSC Loyola's Hackfest 2024,Member,2024-04,2024-04,"Ateneo de Loyola University, Quezon City",Led technical development and product design for a solution addressing business education prompt.,,,Technology | Business Analysis | Development,,,
techup-phildev-business-analyst,technical,Business Analyst & Product Manager,Phildev Inter-university TechUP Hackathon,Member,2024-08,2024-08,"Jose Rizal University, San Juan City","Defined product scope, analyzed user needs, and coordinated development for a tech-driven social impact solution.",,,Technology | Business Analysis | Development,,,
ton-hackers-league-blockchain-developer,technical,Blockchain Developer,TON Society - Manila Bootcamp: Hackers League Hackathon,Member,2024-11,2024-11,Pasay City,"Built decentralized applications using TON blockchain tools; contributed smart contract logic and Web3 integrations.",,,Technology | Business Analysis | Development,,,
up-socompscie-hackathon-business-analyst,technical,Business Analyst & Product Manager,UP Socompscie - HACKathon 2024,Member,2024-11,2024-11,Metro Manila,Led ideation and product planning; conducted user research and aligned development with target stakeholder needs.,,,Technology | Business Analysis | Development,,,