platform,label,href,external
linkedin,LinkedIn,https://www.linkedin.com/in/gladwindr/,true
github,GitHub,https://github.com/gfdelrosario12,true
email,Email,mailto:gladwin.delrosario.organizations@gmail.com,false
facebook,Facebook,https://www.facebook.com/gfdelrosario0402,true
twitter,Twitter/X,https://twitter.com/winontech04,true
discord,Discord,https://discord.gg/DJnbXuV7bc,true
instagram,Instagram,https://www.instagram.com/glideees,true
medium,Medium,https://medium.com/@gladelrosario12,true
youtube,YouTube,https://www.youtube.com/@gladwindelrosario4255,true
tiktok,TikTok,https://www.tiktok.com/@glideees,true
devsite,DevSite,https://dev.to/glideees,true
