type,title,organization,badgeLabel,badgeColor,duration,location,description,skills
professional,IT Service Management Intern (1st Semester),Sun Life Global Solutions - Philippines,Internship,blue,July 2024 - September 2025,"BGC, Taguig City","I cross-checked IP addresses and system data against manual records, using Excel formulas to validate and organize information. I helped track and escalate infrastructure issues, communicating findings via email to ensure prompt resolution. Additionally, I improved the company’s issue-specific dashboard by enhancing its features for better data presentation and usability.",Service Management | Enterprise Infrastructure | IT Governance
professional,IT Service Management Intern (2nd Semester),Sun Life Global Solutions - Philippines,Internship,blue,March 2025 - May 2025,"BGC, Taguig City","Assisted in department-based operations, Microsoft Excel documentation using Excel formulas to validate and organize information, helped track and escalate infrastructure issues, communicating findings via email to ensure prompt resolution.",Service Management | Enterprise Infrastructure | IT Governance
organizational,Vice President for Operations,CyberPH,Leadership,red,March 2025 - Present,"Sta. Mesa, Manila City","Oversaw operational strategy, streamlined internal processes, and coordinated nationwide initiatives focused on cybersecurity awareness.
",Technology | Operations | Marketing | Communication | People Management
organizational,Executive Vice President,ICPEP SE - PUP Manila,Leadership,red,October 2024 - August 2025,"Sta. Mesa, Manila City","Led executive initiatives and organization-wide projects, ensuring successful implementation of academic and tech-driven programs.",Technology | Events Management | Operations | Communication | People Management
organizational,Summits and Code Camps Program Manager,DEVCON Manila,Leadership,red,May 2025 - Present,"Ortigas, Pasig City",Planned and executed regional developer summits and training camps to engage and upskill the Philippine tech community.,Technology | Events Management | Operations | Communication
organizational,Event Operations Head,Arduino Day Philippines 2025,Leadership,red,December 2024 - March 2025,"Cubao, Quezon City","Directed logistical planning, team coordination, and on-ground operations for the nationwide Arduino tech event.",Technology | Events Management | Operations | Communication
organizational,Chief Technology Officer,Google Developer Groups on Campus PUP,Leadership,red,September 2024 - September 2025,"Sta. Mesa, Manila City","Led the organization’s technical direction, spearheaded innovation projects, and mentored student developers.",Technology | Communication | People Management | Google Cloud
organizational,Chief Community Development Officer,Google Developer Student Clubs PUP,Leadership,red,August 2023 - September 2024,"Sta. Mesa, Manila City","Built and nurtured local developer communities through partnerships, outreach, and inclusive tech events.",Technology | Communication | People Management | Community Development
organizational,Community Development Fellow Lead,Google Developer Student Clubs PUP,Leadership,red,December 2022 - August 2023,"Sta. Mesa, Manila City","Coordinated fellowship initiatives, mentoring teams and driving community engagement across multiple campuses.",Technology | Communication | People Management | Community Development
organizational,Mobile Developer,Google Developer Student Clubs PUP,Membership,purple,October 2022 - August 2022,"Sta. Mesa, Manila City","Led strategic business development efforts, advocating cloud adoption and delivering infrastructure-focused workshops.",Technology | Development | Flutter
organizational,SBD Lead - Department of Cloud Computing and Infrastructure,AWS Cloud Clubs PUP,Leadership,red,October 2024 - August 2025,"Sta. Mesa, Manila City","Directed cloud learning tracks, hosted Azure bootcamps, and enabled students in Microsoft technologies and cloud certifications.",Technology | Communication | People Management | AWS
organizational,Director for Cloud Computing,PUP Manila Microsoft Student Community,Leadership,red,July 2024 - August 2025,"Sta. Mesa, Manila City","Built Android applications, contributed to collaborative projects, and supported technical workshops for students.",Technology | Communication | People Management | Microsoft Azure
organizational,Student Volunteer,Java User Groups Philippines,Volunteering,green,July 2024 - Present,"Sta. Mesa, Manila City",Actively participated in skill-based learning sprints and coding activities focused on software development excellence.,Technology | Events Management | Communication
organizational,Field Ambassador,KakaComputer,Volunteering,green,January 2025 - Present,"Sta. Mesa, Manila City","Supported event operations, handled registration and community support during Java meetups and tech talks.",Technology | Communication | Writing
organizational,Devskolar,The Programmer's Guild,Membership,purple,November 2023 - October 2025,"Sta. Mesa, Manila City","Promoted tech education initiatives in local communities, providing grassroots awareness and tech literacy support.",Technology | Communication
organizational,Food Volunteer(Logistics),TedxUPV Women: Anchored in Tech,Volunteering,green,October 2024 - November 2024,"Aseana, Paranaque City",Managed food logistics and assisted in event coordination for a women-led TEDx event focused on tech and innovation.,Logistics | Management | Volunteering
competitive,Technical Lead & Product Manager,Diwata Overcode - GDSC Loyola's Hackfest 2024,Member,purple,April 2024,"Ateneo de Loyola University, Quezon City",Led technical development and product design for a solution addressing business education prompt.,Technology | Business Analysis | Development
competitive,Business Analyst & Product Manager,Phildev Inter-university TechUP Hackathon,Member,purple,August 2024,"Jose Rizal University, San Juan City","Defined product scope, analyzed user needs, and coordinated development for a tech-driven social impact solution.",Technology | Business Analysis | Development
competitive,Blockchain Developer,TON Society - Manila Bootcamp: Hackers League Hackathon,Member,purple,November 2024,Pasay City,Built decentralized applications using TON blockchain tools; contributed smart contract logic and Web3 integrations.,Technology | Business Analysis | Development
competitive,Business Analyst & Product Manager,UP Socompscie - HACKathon 2024,Member,purple,November 2024,Metro Manila,Led ideation and product planning; conducted user research and aligned development with target stakeholder needs.,Technology | Business Analysis | Development